"ID","LastName","Title","FirstName","Organisation","Position","Suburb","State","Postcode","WorkPhone","EmailAddress","Industry"
1,"Urfer","Mr","Zachary","ICAP","Statistics Analyst","Manuka","ACT",2603,"(01) 3677 5035","zzanker@icap.com.au","Diversified Financials "
2,"Gastonguay","Mr","Stan","Dollar General","Business Analyst","North Ryde","NSW",2113,"(08) 3409 1629","sthom@dollargeneral.com.au","Retailing "
3,"Cunis","Mr","Alfonso","Chesapeake Energy","Manager, Manufacturing & Management Systems","Clayton","VIC",3168,"(07) 3249 8970","ahorovitz@chesapeakeenergy.com.au","Oil & Gas Operations "
4,"Paterson","Mr","Tony","Smith & Nephew","IT Operation Manager","Smithfield","NSW",2164,"(03) 9078 5943","tvo@smithnephew.com.au","Health Care Equipment & Services"
5,"Busuttil","Mr","Zachary","Rolls-Royce Group","Manager - Cognos Planning","Canberra","ACT",2601,"(02) 7677 5372","zbaker@rolls-roycegroup.com.au","Aerospace & Defense "
6,"Bual","Mr","Joaquin","De La Rue Plc","Business Information Specialist","Canberra","ACT",2901,"(02) 4398 5029","jmcconaghy@delarueplc.com.au","Business Services & Supplies "
7,"Koebel","Mr","Angel","WPP","Manager, Corporate Applications","Sydney","NSW",2000,"(07) 8811 5855","ajacobson@wpp.com.au","Media "
8,"Heminover","Mr","Roman","Sara Lee","Director","Sydney","NSW",2000,"(01) 9666 6547","rtwomey@saralee.com.au","Food, Drink & Tobacco "
9,"Leuckel","Mr","Reinaldo","Advanced Micro","Information Analyst","Adelaide","SA",5000,"(03) 5907 2118","rcalabrese@advancedmicro.com.au","Semiconductors "
10,"Vandel","Mr","Kendrick","Brambles","Business Solutions Manager","North Sydney","NSW",2060,"(08) 5057 9082","ksmith@brambles.com.au","Business Services & Supplies "
11,"Padiong","Mr","Russ","Charter Commun","Senior Analyst","Broadway","NSW",2007,"(03) 5904 2759","rabrahamsen@chartercommun.com.au","Media "
12,"Cerchia","Mr","Nathanael","Home Retail Group",,"Camberwell","VIC",3124,"(06) 5174 5058","ntrewin@homeretailgroup.com.au","Retailing "
13,"Keobaunleuang","Mr","Shannon","Polo Ralph Lauren","MIS Manager","Blacktown","NSW",2148,"(07) 3674 7197","satkins@poloralphlauren.com.au","Household & Personal Products "
14,"Wetsel","Mr","Zachary","Nucor","IT Project Manager","St Leonards","NSW",2065,"(06) 5907 6276","zwong@nucor.com.au","Materials "
15,"Cabral","Mr","Roman","Cablevision",,"Aldgate","SA",5154,"(02) 7036 3953","rde waal@cablevision.com.au","Media "
16,"Seider","Mr","Lyle","WR Berkley",,"Canberra","ACT",2601,"(06) 8889 7240","lackland@wrberkley.com.au","Insurance "
17,"Dekorte","Mr","Sanford","Marshall & Ilsley","MIS Analyst","Brisbane","QLD",4000,"(01) 7724 6051","smongard@marshallilsley.com.au","Banking "
18,"Swadling","Mr","Justin","Brambles",,"North Sydney","NSW",2060,"(06) 8647 5717","jjanssen@brambles.com.au","Business Services & Supplies "
19,"Destefanis","Mr","Roberto","Edwards Lifesciences","Technical Services Manager","Brookvale","NSW",2100,"(03) 2297 1625","rtremble@edwardslifesciences.com.au","Health Care Equipment & Services"
20,"Zittel","Mr","Yong","Marshall & Ilsley","Business Analyst","Brisbane","QLD",4000,"(03) 1313 5571","yrobinson@marshallilsley.com.au","Banking "
21,"Vondra","Mr","Ross","G4S","Analyst Programmer","Rockhampton","QLD",4702,"(03) 3669 1476","rporter@g4s.com.au","Business Services & Supplies "
22,"Borner","Mr","Rolando","Nelnet","Financial Controller","Brisbane","QLD",4001,"(04) 9950 5539","rcobb@nelnet.com.au","Diversified Financials "
23,"Keovongxay","Mr","Kendrick","J Sainsbury","Data Warehouse Technical Coordinator","Granville","NSW",2142,"(08) 7861 8102","kmclean@jsainsbury.com.au","Food Markets "
24,"Kotts","Mr","Duane","Altera","Business Intelligence Analyst","Mascot","NSW",1460,"(05) 4742 4010","dmousine@altera.com.au","Semiconductors "
25,"Snedeger","Mr","Jake","Foster's Group","Senior Manager Risk Solutions","Sydney","NSW",2000,"(02) 6454 9935","jsan@foster'sgroup.com.au","Food, Drink & Tobacco "
26,"Pompi","Mr","Florentino","Pub Svc Enterprise","IS Applications Manager","South Yarra","VIC",3141,"(04) 3540 8825","faldred@pubsvcenterprise.com.au","Utilities "
27,"Imler","Mr","Tristan","Altera","Business Systems","Mascot","NSW",1460,"(02) 4543 6550","tsamuels@altera.com.au","Semiconductors "
28,"Pehrson","Mr","Alvaro","United Utilities","Financial Controller","Smithfield","NSW",2164,"(06) 1402 5198","ahough@unitedutilities.com.au","Utilities "
29,"Langin","Mr","William","Procter & Gamble","Reporting Analyst","Gosford","NSW",2251,"(02) 3698 6385","wsinnett@proctergamble.com.au","Household & Personal Products "
30,"Daking","Mr","Ivan","Vornado Realty","Manager, Budgeting and Reporting Systems","Melbourne","VIC",3000,"(03) 7001 6588","ifalzon@vornadorealty.com.au","Diversified Financials "
31,"Starnes","Mr","Alfonso","Public Storage","Director","Mt Lawley","WA",6050,"(07) 9386 9147","abirch@publicstorage.com.au","Diversified Financials "
32,"Everline","Mr","Porfirio","Charter Commun","Senior Software Analyst","Broadway","NSW",2007,"(07) 4532 9098","pwei@chartercommun.com.au","Media "
33,"Anning","Mr","Justin","Kimberly-Clark","Senior Systems Analyst","Melbourne","VIC",3000,"(03) 3625 6959","jkeighery@kimberly-clark.com.au","Household & Personal Products "
34,"Bigus","Mr","Kendrick","Visa","Business Analyst","Lisarow","NSW",2252,"(02) 8804 1701","kmccarthy@visa.com.au","Diversified Financials "
35,"Wetsel","Mr","Bob","Kimberly-Clark","Senior Sap Business Analyst","Melbourne","VIC",3000,"(04) 1371 7045","bwong@kimberly-clark.com.au","Household & Personal Products "
36,"Ely","Mr","Earle","BAE Systems","Business Analyst","Joondalup","WA",6027,"(04) 5669 9474","ebedekar@baesystems.com.au","Aerospace & Defense "
37,"Rush","Mr","Jeffry","CVS Caremark","Senior Business Analyst","Sydney","NSW",2007,"(03) 7208 4018","jbingham@cvscaremark.com.au","Retailing "
38,"Deridder","Mr","Justin","Ecolab","Technology Development Manager","Broadbeach","QLD",4218,"(08) 4799 4310","jmarr@ecolab.com.au","Chemicals "
39,"Pluemer","Mr","Renaldo","Ecolab","Database Administrator","Broadbeach","QLD",4218,"(04) 6997 6897","rhunt@ecolab.com.au","Chemicals "
40,"Nicolson","Mr","Whitney","EI du Pont de Nemours","Systems Accountant","Wollongong","NSW",2522,"(08) 9709 3899","wbryant@eidupontdenemours.com.au","Chemicals "
41,"Hodgins","Mr","Justin","Peabody Energy","IS Business Development Manager","Wetherill Park","NSW",2164,"(05) 7993 3286","jgularte@peabodyenergy.com.au","Materials "
42,"Gutowski","Mr","Dane","MF Global","Financial Accountant","Penrith","NSW",2750,"(05) 6642 6707","dgiorgi@mfglobal.com.au","Diversified Financials "
43,"Friesen","Mr","Roman","American Electric",,"Adelaide","SA",5001,"(04) 9720 9221","rblythman@americanelectric.com.au","Utilities "
44,"Freiheit","Mr","Angel","Kingfisher",,"Canberra","ACT",2600,"(01) 2012 8025","amcdonald@kingfisher.com.au","Retailing "
45,"Pithan","Mr","Miles","Kingfisher",,"Canberra","ACT",2600,"(02) 6092 8286","mroberts@kingfisher.com.au","Retailing "
46,"Jamar","Mr","Wes","SLM","Manager - Applications","Kwinana","WA",6966,"(07) 1219 3955","wsriskandadas@slm.com.au","Diversified Financials "
47,"Matheney","Mr","John","Iron Mountain","Finance Manager","Adelaide","SA",5044,"(06) 4061 1164","jhedley@ironmountain.com.au","Business Services & Supplies "
48,"Mccormik","Mr","Justin","PG&E","Senior Analyst Programmer","Brisbane","QLD",4000,"(01) 3454 4852","jmetcher@pge.com.au","Utilities "
49,"Bigus","Mr","Steven","McGraw-Hill Cos","Business Information Manager","Wollongong","NSW",2500,"(04) 6934 1849","smccarthy@mcgraw-hillcos.com.au","Media "
50,"Lobur","Mr","Angel","EMC","Business Analysis And Optimisation","Sydney","NSW",2000,"(01) 6799 1559","ao'reilly@emc.com.au","Technology Hardware & Equipment"
51,"Warmath","Mr","Hugh","Biogen Idec",,"Nhulunbuy","NT",881,"(04) 3253 8441","hcastelli@biogenidec.com.au","Drugs & Biotechnology "
52,"Glotzbecker","Mr","Glen","Quest Diagnostics","Consultant","Weston","ACT",2611,"(06) 7743 5084","gmurphy@questdiagnostics.com.au","Health Care Equipment & Services"
53,"Pfalzgraf","Mr","Alfonso","Starbucks","I.T. Manager","Bankstown","NSW",2200,"(03) 2442 4804","awhite@starbucks.com.au","Hotels, Restaurants & Leisure "
54,"Fratzke","Mr","Paris","Amgen","Business Analyst","Brisbane","QLD",4001,"(02) 2989 5706","pbarlow@amgen.com.au","Drugs & Biotechnology "
55,"Ganley","Mr","Abraham","Autonomy","Business Analyst: Data Management","Adelaide","SA",5000,"(08) 4127 1798","awaddicor@autonomy.com.au","Software & Services "
56,"Adelsperger","Mr","Mickey","AT&T","Snr Project Leader, IT","Sydney","NSW",2001,"(07) 2310 1907","mdash@att.com.au","Telecommunications Services "
57,"Argie","Mr","Joaquin","Dollar Tree","Database Administrator","Broadway","NSW",2007,"(01) 8856 4857","jclarke@dollartree.com.au","Retailing "
58,"Fedorczyk","Mr","Roman","HCC Insurance","Company Information Analyst","Sydney","NSW",2000,"(01) 9421 7200","rwright@hccinsurance.com.au","Insurance "
59,"Knapp","Mr","Angel","Johnson & Johnson","Database Administrator","Canberra","ACT",2903,"(05) 4296 4135","astafford@johnsonjohnson.com.au","Drugs & Biotechnology "
60,"Bleininger","Mr","Seymour","Johnson & Johnson",,"Brisbane","QLD",4000,"(05) 4957 9823","so'rourke@johnsonjohnson.com.au","Drugs & Biotechnology "
61,"Randgaard","Mr","Santos","Virgin Media","Business Intelligence Consultant","Perth","WA",6000,"(06) 8407 3077","sking@virginmedia.com.au","Media "
62,"Petrie","Mr","Ian","Helmerich & Payne","Business Analyst","Greenway","ACT",2900,"(04) 5143 9709","iwelikala@helmerichpayne.com.au","Oil & Gas Operations "
63,"Cliffton","Mr","Joaquin","Virgin Media","Senior Business Analyst","Perth","WA",6000,"(08) 7475 2151","jroux@virginmedia.com.au","Media "
64,"Kindberg","Mr","Man","Sage Group","IS Demand Manager","North Ryde","NSW",2113,"(03) 9028 4030","mmallett@sagegroup.com.au","Software & Services "
65,"Vandel","Mr","Jamar","Helmerich & Payne","Business Analyst","Greenway","ACT",2906,"(07) 8607 7046","jsmith@helmerichpayne.com.au","Oil & Gas Operations "
66,"Geraghty","Mr","Joey","Hertz Global Holdings","Business Analyst","West Ryde","NSW",2114,"(08) 6473 8245","jbarve@hertzglobalholdings.com.au","Business Services & Supplies "
67,"Dumont","Mr","Earnest","Hertz Global Holdings","Snr Manager Business Technology","West Ryde","NSW",2114,"(01) 7183 7102","ecatopodis@hertzglobalholdings.com.au","Business Services & Supplies "
68,"Gehris","Mr","Octavio","SLM","Accountant Systems","Kwinana","WA",6966,"(04) 7947 6524","odi carlo@slm.com.au","Diversified Financials "
69,"Vandel","Mr","Javier","Rolls-Royce Group","Change Management","Canberra","ACT",2601,"(01) 3564 9709","jsmith@rolls-roycegroup.com.au","Aerospace & Defense "
70,"Maupins","Mr","Zachary","FirstEnergy","Process & Systems Accountant","Wentworthville","NSW",2145,"(04) 8808 4667","zpocknall@firstenergy.com.au","Utilities "
71,"Lindeen","Mr","Joaquin","Huntington Bancshs","Consultant","West Perth","WA",6005,"(04) 5613 3075","jieraci@huntingtonbancshs.com.au","Banking "
72,"Sivak","Mr","Hector","FirstEnergy","Operational Reporting Manager","Wentworthville","NSW",2145,"(06) 9748 7107","hthrush@firstenergy.com.au","Utilities "
73,"Yue","Mr","Santiago","Freddie Mac","MIS Project Manger","Sydney","NSW",2000,"(06) 8967 4583","sbarker@freddiemac.com.au","Diversified Financials "
74,"Purkerson","Mr","Kirk","Freddie Mac","Snr Manager E Finance","Sydney","NSW",2000,"(06) 2991 3611","karena@freddiemac.com.au","Diversified Financials "
75,"Brockie","Mr","Justin","Boston Properties","Manager Business Systems","North Ryde","NSW",2113,"(01) 1611 2219","jconroy@bostonproperties.com.au","Diversified Financials "
76,"Sontag","Mr","Leopoldo","Helmerich & Payne","Cube Developer","Greenway","ACT",2900,"(06) 9807 7581","lhoang@helmerichpayne.com.au","Oil & Gas Operations "
77,"Yerbich","Mr","Zachary","Challenger Financial Svcs","Project Manager","Sydney","NSW",2000,"(05) 9910 4764","zhowe@challengerfinancialsvcs.com.au","Diversified Financials "
78,"Eckrote","Mr","Hugh","Cephalon","Snr Analyst","Sydney","NSW",2000,"(02) 4872 2712","hborsak@cephalon.com.au","Drugs & Biotechnology "
79,"Mckevitt","Mr","Alfonso","Associated Banc-Corp","Cto","Melbourne","VIC",3006,"(07) 5923 5165","ahoney@associatedbanc-corp.com.au","Banking "
80,"Ritch","Mr","Roman","Associated Banc-Corp","CEO","Southbank","VIC",3006,"(07) 9998 3974","rpower@associatedbanc-corp.com.au","Banking "
81,"Roemer","Mr","Santiago","Health Net","Director - Information & Data Analysis","Brisbane","QLD",4001,"(02) 5008 8476","ssimpson@healthnet.com.au","Health Care Equipment & Services"
82,"Campau","Mr","Dante","Merck & Co","Manager Planning And Financial Analysis","Sydney","NSW",2000,"(04) 1984 8224","dvipond@merckco.com.au","Drugs & Biotechnology "
83,"Killibrew","Mr","Drew","Inchcape","Development Application Manager","Sydney","NSW",1215,"(01) 7559 7191","dgrahn@inchcape.com.au","Retailing "
84,"Ritch","Mr","Basil","Merck & Co","Technical Support Analyst","Sydney","NSW",2000,"(04) 5284 9072","bpower@merckco.com.au","Drugs & Biotechnology "
85,"Minock","Mr","Graig","Merck & Co","Database Administrator","Sydney","NSW",2000,"(07) 5929 9572","gpitiyaratchi@merckco.com.au","Drugs & Biotechnology "
86,"Hey","Mr","Claudio","Fluor","Senior Planning Analyst","St Leonards","NSW",2065,"(08) 3621 9380","cpappas@fluor.com.au","Construction "
87,"Opdyke","Mr","Angel","AstraZeneca","Information Systems Manager","Rosebery","NSW",2018,"(05) 8447 9290","agrosser@astrazeneca.com.au","Drugs & Biotechnology "
88,"Magrann","Mr","Tony","Amphenol","Cognos Administrator","Wentworthville","NSW",2145,"(01) 1487 4163","tmcallister@amphenol.com.au","Technology Hardware & Equipment"
89,"Nicarry","Mr","Byron","WW Grainger","Manager - Accounting Operations","Dandenong South","VIC",3175,"(02) 8829 8975","blim@wwgrainger.com.au","Capital Goods "
90,"Mcmath","Mr","Santos","Macy's","Technical Services Manager","Surry Hills","NSW",2010,"(06) 6991 8974","skearns@macy's.com.au","Retailing "
91,"Moede","Mr","Raul","St Jude Medical","Business Information Manager","Wollongong","NSW",2500,"(08) 8710 3982","rswain@stjudemedical.com.au","Health Care Equipment & Services"
92,"Hyatt","Mr","Roman","Pride International","Strategic Reports Manager","Central","NSW",2001,"(07) 3505 4856","rkennett@prideinternational.com.au","Oil & Gas Operations "
93,"Heinrich","Mr","Linwood","Health Net",,"Brisbane","QLD",4001,"(05) 4295 2415","lkalantari@healthnet.com.au","Health Care Equipment & Services"
94,"Tolen","Mr","Brice","Vulcan Materials","Technical Director","Glen Iris","VIC",3146,"(03) 8558 6589","btheofanis@vulcanmaterials.com.au","Construction "
95,"Bowels","Mr","Chet","Vornado Realty","Team Manger (Infrastructure)","Sydney","NSW",2000,"(02) 6433 2519","csoma-sundaram@vornadorealty.com.au","Diversified Financials "
96,"Zarn","Mr","Alfonso","WPP","Data Warehouse Manager","Sydney","NSW",2001,"(02) 5416 5029","azyznik@wpp.com.au","Media "
97,"Diersen","Mr","Samuel","Raytheon","Principal Consultant","Brisbane","QLD",4000,"(01) 1981 3477","shoareau@raytheon.com.au","Aerospace & Defense "
98,"Beil","Mr","Zachary","Sara Lee","Technical Director","Sydney","NSW",2000,"(08) 2199 3853","zertle@saralee.com.au","Food, Drink & Tobacco "
99,"Hutyra","Mr","Francis","Raytheon","BI Consultant","Brisbane","QLD",4000,"(03) 4018 2682","fmcdermaid@raytheon.com.au","Aerospace & Defense "
100,"Colburn","Mr","Angel","Vulcan Materials","Senior Technical Consultant","Glen Iris","VIC",3146,"(02) 9892 8563","awatson@vulcanmaterials.com.au","Construction "
101,"Madigan","Mr","Zachary","Metcash","Applications Administration Team Leader","Prospect","NSW",2148,"(01) 9741 7274","zlovell@metcash.com.au","Food Markets "
102,"Acocella","Mr","Angel","SunTrust Banks","Deputy Director (DMIS)","Phillip","ACT",2606,"(04) 8065 9668","apearson@suntrustbanks.com.au","Banking "
103,"Crosbie","Mr","Whitney","First Citizens Bcshs","Account Manager - Business Intelligence Solutions","Milton","QLD",4064,"(07) 4615 3964","wfawcett@firstcitizensbcshs.com.au","Banking "
104,"Pepez","Mr","Eldridge","First Citizens Bcshs","Business Manager - Cognos","Milton","QLD",4064,"(08) 7245 2523","econde@firstcitizensbcshs.com.au","Banking "
105,"Himel","Mr","Burl","Vornado Realty",,"Sydney","NSW",2000,"(05) 8948 7845","bwalsh@vornadorealty.com.au","Diversified Financials "
106,"Escarsega","Mr","Zachary","Vornado Realty",,"Sydney","NSW",2000,"(07) 1335 3262","zmalss@vornadorealty.com.au","Diversified Financials "
107,"Posto","Mr","Tyron","Lorillard","Country Manager","Sydney","NSW",2000,"(02) 1991 4132","tbatra@lorillard.com.au","Food, Drink & Tobacco "
108,"Francis","Mr","Hugh","Community Health Sys",,"Sydney","NSW",2000,"(04) 1938 5221","hcoia@communityhealthsys.com.au","Health Care Equipment & Services"
109,"Cimini","Mr","Alfonso","Community Health Sys",,"Sydney","NSW",2000,"(07) 4937 8129","abacigalupo@communityhealthsys.com.au","Health Care Equipment & Services"
110,"Pinkton","Mr","Tony","HJ Heinz",,"Rydalmere","NSW",2116,"(08) 6911 8022","thorne@hjheinz.com.au","Food, Drink & Tobacco "
111,"Couse","Mr","Casey","Scripps Networks","Account Manager","Lane Cove","NSW",2066,"(07) 7860 7763","creich@scrippsnetworks.com.au","Media "
112,"Imam","Mr","Darrell","Scripps Networks","Consultant","Lane Cove","NSW",2066,"(04) 2791 5829","djackson@scrippsnetworks.com.au","Media "
113,"Suthoff","Mr","Jarred","Scripps Networks",,"Lane Cove","NSW",2066,"(04) 1468 9333","jdumont@scrippsnetworks.com.au","Media "
114,"Lawhorne","Mr","Santos","Scripps Networks",,"Lane Cove","NSW",2066,"(07) 1449 6579","shodge@scrippsnetworks.com.au","Media "
115,"Rhodarmer","Mr","Jay","Scripps Networks",,"Lane Cove","NSW",2066,"(08) 6909 5528","jstire@scrippsnetworks.com.au","Media "
116,"Sistrunk","Mr","Angel","PPL","Chief Information Officer","Baulkham Hills","NSW",2153,"(06) 4889 5752","atobias@ppl.com.au","Utilities "
117,"Koehne","Mr","Angel","Imperial Tobacco Group",,"Sydney","NSW",2001,"(08) 6787 6632","ahamilton@imperialtobaccogroup.com.au","Food, Drink & Tobacco "
118,"Sharma","Mr","Justin","EI du Pont de Nemours","Manager, Financial Information Systems Unit","Wollongong","NSW",2522,"(03) 2162 7460","jmcgraw@eidupontdenemours.com.au","Chemicals "
119,"Apelian","Mr","Joaquin","MeadWestvaco","Development Manager","Adelaide","SA",5000,"(06) 9169 2397","jdawkins@meadwestvaco.com.au","Materials "
120,"Munderville","Mr","Lindsay","MeadWestvaco","ReportNet Developer","Adelaide","SA",5000,"(05) 8858 8197","levans@meadwestvaco.com.au","Materials "
121,"Jandron","Mr","Johnathan","Altria Group",,"Melbourne","VIC",3000,"(03) 7110 6058","jedmonds@altriagroup.com.au","Food, Drink & Tobacco "
122,"Marasciulo","Mr","Palmer","Rexam","IT Project Manager","Wetherill Park","NSW",2164,"(01) 2637 7738","plee@rexam.com.au","Materials "
123,"Kolacki","Mr","Rayford","Rexam","Financial Controller","Wetherill Park","NSW",2164,"(05) 6722 8096","ro'chee@rexam.com.au","Materials "
124,"Mascarena","Mr","Justin","Ameren","Accountant","Spring Hill","QLD",4004,"(05) 4771 8435","jflynn@ameren.com.au","Utilities "
125,"Hirai","Mr","Hipolito","Polo Ralph Lauren","IAIMS Business Analyst","Huntingwood","NSW",2148,"(02) 4232 5345","hmcarthur@poloralphlauren.com.au","Household & Personal Products "
126,"Gabossi","Mr","Kyle","Amlin","MIS System Administrator","Brisbane","QLD",4001,"(05) 1539 9123","kradisavlyevic@amlin.com.au","Insurance "
127,"Racano","Mr","Chester","Amlin","MIS Analyst","Brisbane","QLD",4001,"(02) 9887 5910","cmoon-watton@amlin.com.au","Insurance "
128,"Bonsal","Mr","Earnest","Vulcan Materials","Director","Glen Iris","VIC",3146,"(07) 3478 6962","ecopley@vulcanmaterials.com.au","Construction "
129,"Canham","Mr","Zachary","Northrop Grumman","Activity Based Costing Specialist","Brisbane","QLD",4000,"(04) 1180 6131","zwilson@northropgrumman.com.au","Aerospace & Defense "
130,"Kin","Mr","Zachary","NStar",,"Southbank","VIC",3006,"(06) 5900 4989","zhsu@nstar.com.au","Utilities "
131,"Shers","Mr","Isaias","Sara Lee",,"Sydney","NSW",2000,"(04) 8643 2100","iharvey@saralee.com.au","Food, Drink & Tobacco "
132,"Salwasser","Mr","Domingo","First American","Business Intelligence Analyst","Melbourne","VIC",3004,"(08) 9148 3627","dpopovski@firstamerican.com.au","Insurance "
133,"Mackesy","Mr","Delbert","Macy's","Business Services Manager","Surry Hills","NSW",2010,"(06) 5483 9239","dgazis@macy's.com.au","Retailing "
134,"Pierce","Mr","Jordon","Assoc British Foods","CPM Consultant","Hobart","TAS",7001,"(05) 1151 4010","jjager@assocbritishfoods.com.au","Food, Drink & Tobacco "
135,"Fregia","Mr","Dante","Anadarko Petroleum","Manager Information Technology","Wynnum","QLD",4178,"(03) 2288 7131","dmarles@anadarkopetroleum.com.au","Oil & Gas Operations "
136,"Cutcher","Mr","Alphonse","PG&E","Mgr Financial Planning","Garbutt","QLD",4814,"(07) 7841 7560","apool@pge.com.au","Utilities "
137,"Ausdemore","Mr","Jamar","Antofagasta","Team Leader, MIRU","Hobart","TAS",7001,"(06) 9147 7447","jklerck@antofagasta.com.au","Materials "
138,"Montone","Mr","Merlin","First Citizens Bcshs","Consultant - Business Intelligence Solutions","Milton","QLD",4064,"(03) 7086 9815","mlutwyche@firstcitizensbcshs.com.au","Banking "
139,"Pfahl","Mr","Cletus","Telephone & Data Sys","Planning & Logistics Co-Ordinator","Croydon South","VIC",3136,"(08) 2485 9884","cpotter@telephonedatasys.com.au","Telecommunications Services "
140,"Samanlego","Mr","Zachary","Oracle","Service Delivery Manager","Melbourne","VIC",3004,"(04) 8060 5785","zpresland@oracle.com.au","Software & Services "
141,"Kraus","Mr","Arthur","Oracle","National Sales Manager","Chatswood","NSW",2067,"(08) 2943 4428","abaldie@oracle.com.au","Software & Services "
142,"Nieman","Mr","Brendon","Oracle","Manager - ACT Region","Canberra","ACT",2601,"(01) 2774 3577","bfrancia@oracle.com.au","Software & Services "
143,"Modero","Mr","Randy","Oracle","Regional Manager, NZ","Auckland",,,"(03) 9233 7949","rkingston@oracle.com.au","Software & Services "
144,"Chetelat","Mr","Kerry","Oracle","Practice Manager - BI/EP Solutions","Melbourne","VIC",3004,"(02) 4898 7990","kosianlis@oracle.com.au","Software & Services "
145,"Ritch","Mr","Darrell","Kohl's","Enterprise Planning Consultant","Elanora","QLD",4221,"(05) 7888 9167","dpower@kohl's.com.au","Retailing "
146,"Outhier","Mr","Johnson","Oracle","Consulting Manager","Melbourne","VIC",3004,"(02) 6222 7008","jdavey@oracle.com.au","Software & Services "
147,"Heil","Mr","Elvis","Oracle","National Sales","Chatswood","NSW",2067,"(08) 3681 6156","ecowan@oracle.com.au","Software & Services "
148,"Salek","Mr","Hugh","Oracle","C E O","Melbourne","VIC",3004,"(06) 5939 3242","hmackley@oracle.com.au","Software & Services "
149,"Sowders","Mr","Cletus","MFA Financial",,"Liverpool","NSW",2170,"(06) 5159 4617","cgarnett@mfafinancial.com.au","Diversified Financials "
150,"Daner","Mr","Jules","Polo Ralph Lauren","Engineer","Blacktown","NSW",2148,"(06) 9400 2677","jward@poloralphlauren.com.au","Household & Personal Products "
151,"Malehorn","Mr","Hipolito","Community Health Sys","Project Manager - Performance Measurement Systems","Sydney","NSW",2000,"(02) 8631 4510","hturner@communityhealthsys.com.au","Health Care Equipment & Services"
152,"Storr","Mr","Alfonso","Emerson Electric","A/GM Finance","Chippendale","NSW",2004,"(05) 8851 6174","adowny@emersonelectric.com.au","Conglomerates "
153,"Noorda","Mr","Justin","Whole Foods Market","Manager Of Applications And Achitecture","Port Melbourne","VIC",3207,"(07) 2699 5407","jmctaggart@wholefoodsmarket.com.au","Food Markets "
154,"Poppema","Mr","Al","Harris",,"Kingston","ACT",2604,"(05) 4675 9195","aryan@harris.com.au","Technology Hardware & Equipment"
155,"Manliguis","Mr","Roman","Johnson Matthey","Director","Sydney","NSW",2001,"(03) 9550 7083","rbragg@johnsonmatthey.com.au","Materials "
156,"Philippon","Mr","Moshe","Mirant","Senior Analyst Programmer","Chatswood","NSW",2067,"(03) 2668 3306","mlam@mirant.com.au","Utilities "
157,"Vandel","Mr","Edgardo","Boston Scientific","Analyst Programmer","Cairns","QLD",4870,"(08) 2235 5876","esmith@bostonscientific.com.au","Health Care Equipment & Services"
158,"Bazzell","Mr","Nathanael","Vulcan Materials","Business Development Manager","Unley","SA",5061,"(04) 8138 1815","nhaylock@vulcanmaterials.com.au","Construction "
159,"Arrez","Mr","Dante","CenterPoint Energy",,"Barton","ACT",2600,"(06) 4968 5864","dmarks@centerpointenergy.com.au","Utilities "
160,"Argie","Mr","Grant","Jefferies Group","Manager, Corporate Planning","Sydney","NSW",2000,"(01) 1682 5264","gclarke@jefferiesgroup.com.au","Diversified Financials "
161,"Lavene","Mr","Jess","Calpine","Business Analys","North Ryde","NSW",2113,"(03) 3070 3896","jgesang@calpine.com.au","Utilities "
162,"Munderville","Mr","Santos","Masco","Managing Director","Brisbane","QLD",4000,"(06) 7776 2747","sevans@masco.com.au","Construction "
163,"Malehorn","Mr","Deangelo","MGM Mirage","Sales Director","Melbourne","VIC",3000,"(03) 6060 4336","dturner@mgmmirage.com.au","Hotels, Restaurants & Leisure "
164,"Stronach","Mr","Joaquin","MGM Mirage","Professional Services Director","Melbourne","VIC",3000,"(06) 2293 7900","jschmidt@mgmmirage.com.au","Hotels, Restaurants & Leisure "
165,"Vierra","Mr","Santiago","IntercontinentalExchange","Business Intelligence Manager","Richmond","VIC",3121,"(06) 5406 7450","srichmond@intercontinentalexchange.com.au","Diversified Financials "
166,"Bracken","Mr","Bryant","Progressive","Project Controller","Moonah","TAS",7009,"(03) 7686 9007","bwheeler@progressive.com.au","Insurance "
167,"Grimlie","Mr","Darell","East West Bancorp","IS Manager","Lidcombe","NSW",2141,"(05) 6974 1242","dsiu@eastwestbancorp.com.au","Banking "
168,"Garity","Mr","Hector","Rolls-Royce Group","OLAP & Datawarehouse Manager","Parramatta","NSW",2150,"(01) 2419 8270","hmitchell@rolls-roycegroup.com.au","Aerospace & Defense "
169,"Pavey","Mr","Cyrus","Rolls-Royce Group","OLAP & Datawarehouse Manager","Melbourne","VIC",3000,"(02) 8885 3238","cfan@rolls-roycegroup.com.au","Aerospace & Defense "
170,"Sharrer","Mr","Hipolito","Rolls-Royce Group","Business Analyst","Parramatta","NSW",2150,"(06) 9968 3809","hherring@rolls-roycegroup.com.au","Aerospace & Defense "
171,"Boyne","Mr","Jamison","Rolls-Royce Group","Business Analyst","Parramatta","NSW",2150,"(02) 3729 5769","jtang@rolls-roycegroup.com.au","Aerospace & Defense "
172,"Rhoton","Mr","Brain","US Steel","Manager","North Sydney","NSW",2060,"(04) 9779 3546","bnaidoo@ussteel.com.au","Materials "
173,"Rahib","Mr","Bennie","De La Rue Plc","Technical Specialist","Greenway","ACT",2900,"(06) 3114 8495","bseeniyar@delarueplc.com.au","Business Services & Supplies "
174,"Villaire","Mr","Cody","Humana","IS Program Manager","Paddington","NSW",2021,"(01) 9635 9678","cchapman@humana.com.au","Health Care Equipment & Services"
175,"Swenk","Mr","Jeffery","First Citizens Bcshs",,"Milton","QLD",4064,"(07) 6462 5084","jperez@firstcitizensbcshs.com.au","Banking "
176,"Zeidan","Mr","Justin","Salesforce.com","Customer Analysis & Reporting Manager","North Sydney","NSW",2060,"(05) 9262 2771","jgarlick@salesforce.com.com.au","Software & Services "
177,"Prati","Mr","Arnoldo","Land Securities Group","Business Systems Manager","Melbourne","VIC",3004,"(04) 5368 8635","ade vries@landsecuritiesgroup.com.au","Diversified Financials "
178,"Herreras","Mr","Justin","SunTrust Banks","Director, Departmental Management Information System Project","Woden","ACT",2606,"(04) 6239 9943","jmcmanus@suntrustbanks.com.au","Banking "
179,"Kerper","Mr","Marquis","Community Health Sys","Executive Manager","Sydney","NSW",1155,"(02) 7815 8829","mdeshpande@communityhealthsys.com.au","Health Care Equipment & Services"
180,"Kuttner","Mr","Tomas","Community Health Sys","Manager Development","Sydney","NSW",2000,"(04) 5255 8798","toey@communityhealthsys.com.au","Health Care Equipment & Services"
181,"Daniely","Mr","Tony","Community Health Sys","Project Manager","Sydney","NSW",2000,"(07) 6850 2528","thagger@communityhealthsys.com.au","Health Care Equipment & Services"
182,"Caperon","Mr","Alfonso","De La Rue Plc","Senior Technical Specialist / Team Leader","Greenway","ACT",2900,"(03) 2340 2308","abrown@delarueplc.com.au","Business Services & Supplies "
183,"Shriner","Mr","Santiago","Life Technologies","Project Manager","Sydney","NSW",2000,"(05) 8357 4312","shall-watson@lifetechnologies.com.au","Drugs & Biotechnology "
184,"Malehorn","Mr","Maxwell","Pepco Holdings",,"Nairne","SA",5252,"(04) 8710 3947","mturner@pepcoholdings.com.au","Utilities "
185,"Benziger","Mr","Jewel","Xilinx","Regional Manager ANZ, Data Management","St Leonards","NSW",2065,"(03) 6963 9299","jmckee@xilinx.com.au","Semiconductors "
186,"Orsini","Mr","Zachary","Varian Medical Systems","Systems Accountant","Ipswich","QLD",4305,"(07) 2667 8561","znugent@varianmedicalsystems.com.au","Health Care Equipment & Services"
187,"Mastel","Mr","Isaias","Varian Medical Systems","Finance & Assets Officer - CP&S","Ipswich","QLD",4305,"(08) 6268 3929","igillett@varianmedicalsystems.com.au","Health Care Equipment & Services"
188,"Blyzes","Mr","Alfonso","Rolls-Royce Group","OLAP Team Leader","Civic Square","ACT",2608,"(07) 1112 9058","acodd@rolls-roycegroup.com.au","Aerospace & Defense "
189,"Stockon","Mr","Milford","Varian Medical Systems","Budget Contol Accountant - Works","Ipswich","QLD",4305,"(07) 3115 6873","mguard@varianmedicalsystems.com.au","Health Care Equipment & Services"
190,"Penado","Mr","Greg","Rolls-Royce Group","Information Technology Officer","Civic Square","ACT",2608,"(06) 7247 2129","gphan@rolls-roycegroup.com.au","Aerospace & Defense "
191,"Siemers","Mr","Kermit","Freeport Copper","Portfolio Analyst","Sydney","NSW",2000,"(05) 5188 7868","ksritharan@freeportcopper.com.au","Materials "
192,"Winkenwerder","Mr","Zane","Freeport Copper","Strategy Analyst","Sydney","NSW",2000,"(06) 7787 9098","zsummers@freeportcopper.com.au","Materials "
193,"Morant","Mr","Zachary","Yahoo","Business Analyst","East Malvern","VIC",3145,"(07) 3934 7455","zmyall@yahoo.com.au","Software & Services "
194,"Fioravanti","Mr","Antony","Merck & Co","Commercial Service Analyst","Millers Point","NSW",2000,"(02) 7465 6165","ahansen@merckco.com.au","Drugs & Biotechnology "
195,"Sorman","Mr","Len","Merck & Co","Senior Business Analyst","Millers Point","NSW",2000,"(05) 1785 3129","lgomez@merckco.com.au","Drugs & Biotechnology "
196,"Shorey","Mr","Kelvin","Markel","Director","Birkdale","QLD",4159,"(04) 8969 4686","ktaylor@markel.com.au","Insurance "
197,"Sheerin","Mr","Hiram","Man Group","Project Manager","Sydney","NSW",2000,"(03) 8924 9844","hgoradia@mangroup.com.au","Diversified Financials "
198,"Carda","Mr","Joaquin","Man Group",,"Sydney","NSW",2000,"(05) 7513 9845","jayers@mangroup.com.au","Diversified Financials "
199,"Vanantwerp","Mr","Son","AGL Energy","SAP Administrator","Lane Cove","NSW",2066,"(05) 6047 2961","schoy@aglenergy.com.au","Utilities "
200,"Codde","Mr","Ervin","Kimberly-Clark","Acting Manager - Systems","Melbourne","VIC",3000,"(02) 3410 9097","edada@kimberly-clark.com.au","Household & Personal Products "
201,"Marasciulo","Mr","Maximo","El Paso","Business Intelligence Team Leader","North Ryde","NSW",2113,"(03) 8461 4285","mlee@elpaso.com.au","Oil & Gas Operations "
202,"Shambo","Mr","Jamar","Oracle","Senior Business Consultant","Melbourne","VIC",3004,"(01) 6040 2073","jjarman@oracle.com.au","Software & Services "
203,"Crookston","Mr","Mitchel","El Paso","Senior Business Intelligence Analyst","North Ryde","NSW",2113,"(08) 4817 4896","mdiaz@elpaso.com.au","Oil & Gas Operations "
204,"Cowboy","Mr","Zachary","United Technologies","Corporate IT Manager","Millers Point","NSW",2000,"(06) 6794 2362","zhackshall@unitedtechnologies.com.au","Conglomerates "
205,"Moulds","Mr","Foster","RR Donnelley & Sons","Business Analyst","Potts Point","NSW",2011,"(02) 2719 3037","fparanur@rrdonnelleysons.com.au","Media "
206,"Vendrick","Mr","Burl","United Parcel Service","Group Business Analyst","Sydney Markets","NSW",2129,"(04) 6833 2006","bsowden@unitedparcelservice.com.au","Transportation "
207,"Amsinger","Mr","Zachary","Eli Lilly & Co","Technology Analyst","North Ryde","NSW",2113,"(07) 9508 9819","znorman@elilillyco.com.au","Drugs & Biotechnology "
208,"Dumez","Mr","Jamison","FirstGroup","Product Specialist","North Sydney","NSW",2060,"(07) 6113 7333","jbonett@firstgroup.com.au","Transportation "
209,"Younes","Mr","Justin","FirstGroup","Business Development Manager","North Sydney","NSW",2060,"(07) 1776 3380","jjohnston@firstgroup.com.au","Transportation "
210,"Sheeley","Mr","Randy","Community Health Sys","Manager Finance & Modelling","Sydney","NSW",2000,"(01) 3201 5679","rrenton@communityhealthsys.com.au","Health Care Equipment & Services"
211,"Parkhurst","Mr","Abraham","Wisconsin Energy",,"Sydney","NSW",2099,"(08) 5645 4141","adale@wisconsinenergy.com.au","Utilities "
212,"Woerner","Mr","Everett","Wisconsin Energy",,"Sydney","NSW",2000,"(03) 5957 9071","edunn@wisconsinenergy.com.au","Utilities "
213,"Baria","Mr","Santiago","Cablevision","Director","Aldgate","SA",5154,"(04) 5368 3888","share@cablevision.com.au","Media "
214,"Balasa","Mr","Caleb","Air Prods & Chems","Finance Director",,,,"(07) 2234 9572","cscott@airprodschems.com.au","Chemicals "
215,"Himel","Mr","Alphonse","Xilinx",,"St Leonards","NSW",2065,"(08) 4154 2292","awalsh@xilinx.com.au","Semiconductors "
216,"Jenny","Mr","Chase","Xilinx",,"St Leonards","NSW",2065,"(02) 8094 8014","cwilde@xilinx.com.au","Semiconductors "
217,"Harrellson","Mr","Antony","Varian Medical Systems",,"Ipswich","QLD",4305,"(03) 6721 7523","astokes@varianmedicalsystems.com.au","Health Care Equipment & Services"
218,"Coplin","Ms","Jeanette","Comerica","Information Delivery Manager Asia Pacific","Glebe","NSW",2037,"(02) 5191 3636","jnoades@comerica.com.au","Banking "
219,"Marin","Ms","Bridgett","NYSE Euronext","Systems Analyst","Adelaide","SA",5001,"(08) 3507 4302","bmahoney@nyseeuronext.com.au","Diversified Financials "
220,"Younes","Miss","Berta","Vedanta Resources","Senior Project Officer","Spring Hill","QLD",4001,"(02) 3674 6392","bjohnston@vedantaresources.com.au","Materials "
221,"Anzideo","Mrs","Demetria","De La Rue Plc","Senior Business Analyst","Tuggeranong","ACT",2900,"(06) 2938 2038","djones@delarueplc.com.au","Business Services & Supplies "
222,"Stretch","Miss","Shyla","De La Rue Plc","System Administrator","Tuggeranong","ACT",2904,"(01) 5378 6885","sprothero@delarueplc.com.au","Business Services & Supplies "
223,"Trieu","Mrs","Deloris","Discovery Communications","Business Analyst","Newcastle","NSW",2300,"(08) 8780 2253","dstockham@discoverycommunications.com.au","Media "
224,"Fratto","Miss","Sherita","Discovery Communications","Systems Analyst","Newcastle","NSW",2300,"(03) 7078 3376","sclose@discoverycommunications.com.au","Media "
225,"Milcher","Mrs","Jenni","Sara Lee","Sales & Marketing Manager","Sydney","NSW",2000,"(02) 6628 6420","jkelsall@saralee.com.au","Food, Drink & Tobacco "
226,"Lagadinos","Ms","Melissa","WR Berkley",,"Canberra","ACT",2601,"(03) 8104 4514","mparrott@wrberkley.com.au","Insurance "
227,"Siguenza","Ms","Mercy","Brambles","Cognos Team Leader","North Sydney","NSW",2060,"(02) 1587 1236","myee@brambles.com.au","Business Services & Supplies "
228,"Ashbourne","Ms","Tabitha","Nelnet","Systems Accountant","Brisbane","QLD",4001,"(07) 3778 5316","tkenniff@nelnet.com.au","Diversified Financials "
229,"Maestri","Ms","Lurlene","Autonomy","Senior Project Officer","Adelaide","SA",5000,"(02) 3302 7713","lbrowne@autonomy.com.au","Software & Services "
230,"Zets","Dr","Georgie","De La Rue Plc","A/g Manager","Tuggeranong","ACT",2900,"(04) 5095 1388","gcue@delarueplc.com.au","Business Services & Supplies "
231,"Habermehl","Ms","Gwenda","Discovery Communications","Business Intelligence Developer","Mayfield","NSW",2304,"(01) 2569 3216","ghurst@discoverycommunications.com.au","Media "
232,"Ciraulo","Mrs","Nicolette","Sunoco","Senior Development Analyst","Bassendean","WA",6054,"(02) 3072 7483","nleon@sunoco.com.au","Oil & Gas Operations "
233,"Kipling","Mrs","Estefana","Visa","Manager Strategic Analysis Branch","Lisarow","NSW",2252,"(07) 2647 6263","edias@visa.com.au","Diversified Financials "
234,"Hatke","Ms","Shelly","Kingfisher",,"Canberra","ACT",2600,"(08) 5000 3342","syannopoulos@kingfisher.com.au","Retailing "
235,"Aronhalt","Ms","Kenyatta","Ford Motor","Information Delivery Manager","Roseville","NSW",2069,"(02) 6925 8860","kshanthikumar@fordmotor.com.au","Consumer Durables "
236,"Aperges","Mrs","Sharie","CareFusion","Analyst Programmer","Parkville","VIC",3052,"(07) 1142 6964","sravindran@carefusion.com.au","Health Care Equipment & Services"
237,"Cubit","Mrs","Alice","Helmerich & Payne",,"Tuggeranong","ACT",2900,"(02) 2263 7440","ahooper@helmerichpayne.com.au","Oil & Gas Operations "
238,"Meinberg","Ms","Jamila","Virgin Media","BI Consultant","Perth","WA",6000,"(02) 9796 1218","jyardley@virginmedia.com.au","Media "
239,"Piecuch","Ms","Henrietta","Foster's Group","Head Of Solutions","Sydney","NSW",2000,"(06) 2076 3410","hjoulianos@foster'sgroup.com.au","Food, Drink & Tobacco "
240,"Fireman","Ms","Lurlene","SLM","Project Accountant","Kwinana","WA",6167,"(04) 6437 7394","lbeus@slm.com.au","Diversified Financials "
241,"Cutaia","Ms","Carley","Wells Fargo","Regional Business Analyst","Wentworthville","NSW",2145,"(04) 7191 8852","ctheos@wellsfargo.com.au","Banking "
242,"Bendana","Mrs","Karena","Boston Properties","Senior Management Accountant","North Ryde","NSW",2113,"(06) 8873 1925","kchin@bostonproperties.com.au","Diversified Financials "
243,"Granquist","Mrs","Marleen","PG&E","Mgr Financial Planning","Brisbane","QLD",4000,"(04) 7439 3462","mcooper@pge.com.au","Utilities "
244,"Shupert","Mrs","Charis","Merck & Co","IT Manager","Sydney","NSW",2000,"(08) 7148 7351","cvan oorschot@merckco.com.au","Drugs & Biotechnology "
245,"Unrein","Ms","Enriqueta","Ross Stores","Information & Business Analyst","Tooronga","VIC",3146,"(02) 9122 4277","eburton@rossstores.com.au","Retailing "
246,"Laverette","Mrs","Emelia","AstraZeneca","National Marketing Manager","Rosebery","NSW",2018,"(01) 7516 4308","elaing@astrazeneca.com.au","Drugs & Biotechnology "
247,"Shackett","Ms","Ann","Progressive","Project Accountant","Hobart","TAS",7001,"(07) 9315 5460","awakefield@progressive.com.au","Insurance "
248,"Kietzer","Mrs","Rheba","Progressive","Systems Accountant","Hobart","TAS",7001,"(04) 2349 5256","rwherrett@progressive.com.au","Insurance "
249,"Laneaux","Ms","Shemika","Vornado Realty","Information Manager","Sydney","NSW",2040,"(05) 8478 6222","sirrgang@vornadorealty.com.au","Diversified Financials "
250,"Prodoehl","Ms","Ernestina","Pride International","Data Manager","Sydney","NSW",2001,"(07) 3432 2660","egock@prideinternational.com.au","Oil & Gas Operations "
251,"Dasen","Ms","Leonila","Scripps Networks",,"Lane Cove","NSW",2066,"(04) 7551 8741","ljaques@scrippsnetworks.com.au","Media "
252,"Thaemert","Ms","Stephaine","EI du Pont de Nemours","BI Analyst","Wollongong","NSW",2522,"(03) 4887 7614","sstienstra@eidupontdenemours.com.au","Chemicals "
253,"Emperor","Mrs","Concepcion","DSG International",,"Brisbane","QLD",4001,"(04) 8595 5054","cpeck@dsginternational.com.au","Retailing "
254,"Blancett","Ms","Kiesha","Health Net",,"Brisbane","QLD",4001,"(06) 8566 2202","kthomson@healthnet.com.au","Health Care Equipment & Services"
255,"Ve","Ms","Mirna","Intuitive Surgical","Program Manager","North Sydney","NSW",2061,"(04) 1879 1325","mereve@intuitivesurgical.com.au","Health Care Equipment & Services"
256,"Pithan","Ms","Kesha","Intuitive Surgical","Manager Mobile DB Operations","North Sydney","NSW",2061,"(07) 2942 7731","kroberts@intuitivesurgical.com.au","Health Care Equipment & Services"
257,"Holtzman","Ms","Maire","Boston Scientific","Airport Systems And Project Officer","Cairns","QLD",4870,"(01) 9858 7046","mmohan@bostonscientific.com.au","Health Care Equipment & Services"
258,"Raisin","Mrs","Freida","Scripps Networks",,"Maroubra","NSW",2035,"(05) 5327 8285","fcampbell@scrippsnetworks.com.au","Media "
259,"Amsinger","Ms","Laveta","Rolls-Royce Group","Business Analyst","Parramatta","NSW",2150,"(01) 9792 6763","lnorman@rolls-roycegroup.com.au","Aerospace & Defense "
260,"Elicker","Ms","Zelma","Rolls-Royce Group","Business Analyst","Melbourne","VIC",3000,"(06) 7667 9084","zbrowning@rolls-roycegroup.com.au","Aerospace & Defense "
261,"Woolard","Miss","Deann","StanCorp Financial","Senior Consultant","Melbourne","VIC",3000,"(07) 2937 6636","dshort@stancorpfinancial.com.au","Insurance "
262,"Buerge","Ms","Earleen","De La Rue Plc","Senior Technical Specialist","Greenway","ACT",2900,"(06) 5949 1523","erobin@delarueplc.com.au","Business Services & Supplies "
263,"Aspinwall","Ms","Krishna","RRI Energy",,,,,"(04) 9775 9007","kbridges@rrienergy.com.au","Utilities "
264,"Doolan","Miss","Carley","MGM Mirage",,"Melbourne","VIC",3000,"(07) 7064 7573","chenderson@mgmmirage.com.au","Hotels, Restaurants & Leisure "
265,"Grap","Ms","Neely","Community Health Sys","Manager BI Customer Services & Support","Sydney","NSW",2000,"(08) 1704 8342","npaiyo@communityhealthsys.com.au","Health Care Equipment & Services"
266,"Vandel","Ms","Bernadette","De La Rue Plc","Manager - IBIS Facility","Greenway","ACT",2900,"(08) 8400 1285","bsmith@delarueplc.com.au","Business Services & Supplies "
267,"Demuro","Ms","Neely","Community Health Sys","Officer","Sydney","NSW",223,"(06) 9404 1144","nrobb@communityhealthsys.com.au","Health Care Equipment & Services"
268,"Birkes","Ms","Yoshiko","First American",,"Melbourne","VIC",3004,"(04) 5869 5360","ymccann@firstamerican.com.au","Insurance "
269,"Pfalzgraf","Ms","Evita","Varian Medical Systems","Management Accountant","Ipswich","QLD",4305,"(02) 6480 5153","ewhite@varianmedicalsystems.com.au","Health Care Equipment & Services"
270,"Cavicchia","Mrs","Christy","Markel","Senior Consultant","Birkdale","QLD",4159,"(07) 3313 2821","chewa@markel.com.au","Insurance "
271,"Grieser","Ms","Cira","Man Group",,"Sydney","NSW",2000,"(07) 1697 4648","cdart@mangroup.com.au","Diversified Financials "
272,"Braner","Ms","Rolanda","United Technologies","Systems Analyst","Millers Point","NSW",2000,"(03) 7710 9486","rraman@unitedtechnologies.com.au","Conglomerates "
273,"Yacoub","Mrs","Lurlene","Cephalon","MIS Manager","Sydney","NSW",2000,"(04) 2449 9262","lchalkias@cephalon.com.au","Drugs & Biotechnology "
274,"Lerew","Miss","Dimple","Eli Lilly & Co","Business Intelligence Analyst","North Ryde","NSW",2113,"(03) 1132 6326","dhowes@elilillyco.com.au","Drugs & Biotechnology "
275,"Freeberg","Ms","Latasha","Varian Medical Systems",,"Ipswich","QLD",4305,"(01) 9796 6919","lrhodes@varianmedicalsystems.com.au","Health Care Equipment & Services"
